{"signed":{"_type":"root","spec_version":"1.0","version":7,"expires":"2023-10-04T13:08:11Z","keys":{"25a0eb450fd3ee2bd79218c963dce3f1cc6118badf251bf149f0bd07d5cabe99":{"keytype":"ecdsa-sha2-nistp256","scheme":"ecdsa-sha2-nistp256","keyid_hash_algorithms":["sha256","sha512"],"keyval":{"public":"-----BEGIN PUBLIC KEY-----\nMFkwEwYHKoZIzj0CAQYIKoZIzj0DAQcDQgAEEXsz3SZXFb8jMV42j6pJlyjbjR8K\nN3Bwocexq6LMIb5qsWKOQvLN16NUefLc4HswOoumRsVVaajSpQS6fobkRw==\n-----END PUBLIC KEY-----\n"}},"2e61cd0cbf4a8f45809bda9f7f78c0d33ad11842ff94ae340873e2664dc843de":{"keytype":"ecdsa-sha2-nistp256","scheme":"ecdsa-sha2-nistp256","keyid_hash_algorithms":["sha256","sha512"],"keyval":{"public":"-----BEGIN PUBLIC KEY-----\nMFkwEwYHKoZIzj0CAQYIKoZIzj0DAQcDQgAE0ghrh92Lw1Yr3idGV5WqCtMDB8Cx\n+D8hdC4w2ZLNIplVRoVGLskYa3gheMyOjiJ8kPi15aQ2//7P+oj7UvJPGw==\n-----END PUBLIC KEY-----\n"}},"45b283825eb184cabd582eb17b74fc8ed404f68cf452acabdad2ed6f90ce216b":{"keytype":"ecdsa-sha2-nistp256","scheme":"ecdsa-sha2-nistp256","keyid_hash_algorithms":["sha256","sha512"],"keyval":{"public":"-----BEGIN PUBLIC KEY-----\nMFkwEwYHKoZIzj0CAQYIKoZIzj0DAQcDQgAELrWvNt94v4R085ELeeCMxHp7PldF\n0/T1GxukUh2ODuggLGJE0pc1e8CSBf6CS91Fwo9FUOuRsjBUld+VqSyCdQ==\n-----END PUBLIC KEY-----\n"}},"7f7513b25429a64473e10ce3ad2f3da372bbdd14b65d07bbaf547e7c8bbbe62b":{"keytype":"ecdsa-sha2-nistp256","scheme":"ecdsa-sha2-nistp256","keyid_hash_algorithms":["sha256","sha512"],"keyval":{"public":"-----BEGIN PUBLIC KEY-----\nMFkwEwYHKoZIzj0CAQYIKoZIzj0DAQcDQgAEinikSsAQmYkNeH5eYq/CnIzLaacO\nxlSaawQDOwqKy/tCqxq5xxPSJc21K4WIhs9GyOkKfzueY3GILzcMJZ4cWw==\n-----END PUBLIC KEY-----\n"}},"e1863ba02070322ebc626dcecf9d881a3a38c35c3b41a83765b6ad6c37eaec2a":{"keytype":"ecdsa-sha2-nistp256","scheme":"ecdsa-sha2-nistp256","keyid_hash_algorithms":["sha256","sha512"],"keyval":{"public":"-----BEGIN PUBLIC KEY-----\nMFkwEwYHKoZIzj0CAQYIKoZIzj0DAQcDQgAEWRiGr5+j+3J5SsH+Ztr5nE2H2wO7\nBV+nO3s93gLca18qTOzHY1oWyAGDykMSsGTUBSt9D+An0KfKsD2mfSM42Q==\n-----END PUBLIC KEY-----\n"}},"f5312f542c21273d9485a49394386c4575804770667f2ddb59b3bf0669fddd2f":{"keytype":"ecdsa-sha2-nistp256","scheme":"ecdsa-sha2-nistp256","keyid_hash_algorithms":["sha256","sha512"],"keyval":{"public":"-----BEGIN PUBLIC KEY-----\nMFkwEwYHKoZIzj0CAQYIKoZIzj0DAQcDQgAEzBzVOmHCPojMVLSI364WiiV8NPrD\n6IgRxVliskz/v+y3JER5mcVGcONliDcWMC5J2lfHmjPNPhb4H7xm8LzfSA==\n-----END PUBLIC KEY-----\n"}},"ff51e17fcf253119b7033f6f57512631da4a0969442afcf9fc8b141c7f2be99c":{"keytype":"ecdsa-sha2-nistp256","scheme":"ecdsa-sha2-nistp256","keyid_hash_algorithms":["sha256","sha512"],"keyval":{"public":"-----BEGIN PUBLIC KEY-----\nMFkwEwYHKoZIzj0CAQYIKoZIzj0DAQcDQgAEy8XKsmhBYDI8Jc0GwzBxeKax0cm5\nSTKEU65HPFunUn41sT8pi0FjM4IkHz/YUmwmLUO0Wt7lxhj6BkLIK4qYAw==\n-----END PUBLIC KEY-----\n"}}},"roles":{"root":{"keyids":["ff51e17fcf253119b7033f6f57512631da4a0969442afcf9fc8b141c7f2be99c","25a0eb450fd3ee2bd79218c963dce3f1cc6118badf251bf149f0bd07d5cabe99","f5312f542c21273d9485a49394386c4575804770667f2ddb59b3bf0669fddd2f","7f7513b25429a64473e10ce3ad2f3da372bbdd14b65d07bbaf547e7c8bbbe62b","2e61cd0cbf4a8f45809bda9f7f78c0d33ad11842ff94ae340873e2664dc843de"],"threshold":3},"snapshot":{"keyids":["45b283825eb184cabd582eb17b74fc8ed404f68cf452acabdad2ed6f90ce216b"],"threshold":1},"targets":{"keyids":["ff51e17fcf253119b7033f6f57512631da4a0969442afcf9fc8b141c7f2be99c","25a0eb450fd3ee2bd79218c963dce3f1cc6118badf251bf149f0bd07d5cabe99","f5312f542c21273d9485a49394386c4575804770667f2ddb59b3bf0669fddd2f","7f7513b25429a64473e10ce3ad2f3da372bbdd14b65d07bbaf547e7c8bbbe62b","2e61cd0cbf4a8f45809bda9f7f78c0d33ad11842ff94ae340873e2664dc843de"],"threshold":3},"timestamp":{"keyids":["e1863ba02070322ebc626dcecf9d881a3a38c35c3b41a83765b6ad6c37eaec2a"],"threshold":1}},"consistent_snapshot":true},"signatures":[{"keyid":"25a0eb450fd3ee2bd79218c963dce3f1cc6118badf251bf149f0bd07d5cabe99","sig":"3046022100c0610c0055ce5c4a52d054d7322e7b514d55baf44423d63aa4daa077cc60fd1f022100a097f2803f090fb66c42ead915a2c46ebe7db53a32bf18f2188275cc936f8bdd"},{"keyid":"f5312f542c21273d9485a49394386c4575804770667f2ddb59b3bf0669fddd2f","sig":"304502203134f0468810299d5493a867c40630b341296b92e59c29821311d353343bb3a4022100e667ae3d304e7e3da0894c7425f6b9ecd917106841280e5cf6f3496ad5f8f68e"},{"keyid":"7f7513b25429a64473e10ce3ad2f3da372bbdd14b65d07bbaf547e7c8bbbe62b","sig":"3045022037fe5f45426f21eaaf4730d2136f2b1611d6379688f79b9d1e3f61719997135c022100b63b022d7b79d4694b96f416d88aa4d7b1a3bff8a01f4fb51e0f42137c7d2d06"},{"keyid":"2e61cd0cbf4a8f45809bda9f7f78c0d33ad11842ff94ae340873e2664dc843de","sig":"3044022007cc8fcc4940809f2751ad5b535f4c5f53f5b4952f5b5696b09668e743306ac1022006dfcdf94e94c92163eeb1b47796db62cedaa730aa13aa61b573fe23714730f2"}]}
